<?xml version="1.0" encoding="utf-8"?>

<Employee xmlns:xsi="http://www.w3.org/2001/XMLSchema-instance" 
              xsi:noNamespaceSchemaLocation="employeeschema.xsd">
    <emp_info>
	   <employee_Code>101</employee_Code>
	   <employee_name>Preetam</employee_name>
	   <date_of_joining>10-jan-2010</date_of_joining>
	   <salary>18000</salary>
	   <grade>A</grade>
	   <dept_code>20</dept_code>
	</emp_info>
	
	<emp_info>
	   <employee_Code>102</employee_Code>
	   <employee_name>Aakash</employee_name>
	   <date_of_joining>10-nov-2005</date_of_joining>
	   <salary>48000</salary>
	   <grade>C</grade>
	   <dept_code>10</dept_code>
	</emp_info>
	
	<emp_info>
	   <employee_Code>103</employee_Code>
	   <employee_name>Kishore</employee_name>
	   <date_of_joining>19-dec-2011</date_of_joining>
	   <salary>42000</salary>
	   <grade>C</grade>
	   <dept_code>40</dept_code>
	</emp_info>
	
	<emp_info>
	   <employee_Code>104</employee_Code>
	   <employee_name>Reena</employee_name>
	   <date_of_joining>23-jun-2006</date_of_joining>
	   <salary>33000</salary>
	   <grade>B</grade>
	   <dept_code>20</dept_code>
	</emp_info>
	
	<emp_info>
	   <employee_Code>105</employee_Code>
	   <employee_name>Kailash</employee_name>
	   <date_of_joining>5-feb-2004</date_of_joining>
	   <salary>36000</salary>
	   <grade>C</grade>
	   <dept_code>30</dept_code>
	</emp_info>
	
	
</Employee>